AUC,Overall ACC,Overall AUC
0.8829259652000001,0.79166,0.8670257489
