AUC,Overall ACC,Overall AUC
0.9705219168000001,0.873615,0.9494480907499999
