AUC,Overall ACC,Overall AUC
0.8896845821999999,0.79186,0.868177913
