AUC,Overall ACC,Overall AUC
0.9149255744,0.82162,0.8940384256
