AUC,Overall ACC,Overall AUC
0.9758144935999999,0.90458,0.9681104118000001
