AUC,Overall ACC,Overall AUC
0.9138906072,0.82445,0.8953579722
