AUC,Overall ACC,Overall AUC
0.9155664271999999,0.82657,0.897066608
