AUC,Overall ACC,Overall AUC
0.8852293646000001,0.791745,0.8677800556499999
