AUC,Overall ACC,Overall AUC
0.9804704312000001,0.9517666666666666,0.9790720498
