AUC,Overall ACC,Overall AUC
0.9028736490000002,0.82841,0.8996182716
