AUC,Overall ACC,Overall AUC
0.895762833,0.8264,0.8927826948
