AUC,Overall ACC,Overall AUC
0.8824882009999999,0.8964266666666667,0.88139636324
