AUC,Overall ACC,Overall AUC
0.8917490530000001,0.804575,0.8859929059999999
