AUC,Overall ACC,Overall AUC
0.8701512352,0.89206,0.87031560196
