AUC,Overall ACC,Overall AUC
0.8994843912,0.83168,0.9002068934
