AUC,Overall ACC,Overall AUC
0.8827457295999999,0.79498,0.8745059094
