AUC,Overall ACC,Overall AUC
0.8992044728,0.83244,0.904778406
