AUC,Overall ACC,Overall AUC
0.9097957570000001,0.83308,0.9059886354
