AUC,Overall ACC,Overall AUC
0.9771186548,0.918945,0.9762399802
