AUC,Overall ACC,Overall AUC
0.895853345,0.82563,0.8922820548
