AUC,Overall ACC,Overall AUC
0.905740725,0.83134,0.9018902681999998
