AUC,Overall ACC,Overall AUC
0.9035201288,0.83575,0.9048230688
