AUC,Overall ACC,Overall AUC
0.9043170490000001,0.82767,0.9003802028
