AUC,Overall ACC,Overall AUC
0.8981132660000002,0.8264,0.8950532459999999
