AUC,Overall ACC,Overall AUC
0.8844030758000001,0.796175,0.8761472988000001
