AUC,Overall ACC,Overall AUC
0.892235759,0.82212,0.8893952884
