AUC,Overall ACC,Overall AUC
0.9043023509999999,0.83063,0.9006084682
