AUC,Overall ACC,Overall AUC
0.8840410796,0.89735,0.88267582432
