AUC,Overall ACC,Overall AUC
0.8739469185999998,0.89365,0.873467094
