AUC,Overall ACC,Overall AUC
0.9827009709999999,0.93022,0.9816514936
