Label,Event type,Event Fraction,3h,2h,1h,0h,Higgs
3h,Nj=6,0.19389027431421446,0.4790996784565916,0.0,0.357556270096463,0.16334405144694533,0.5982851018220793
3h,Nj=7,0.31982543640897754,0.2405458089668616,0.08148148148148149,0.4171539961013645,0.2608187134502924,0.43391812865497076
3h,Nj>=8,0.486284289276808,0.13,0.10487179487179488,0.3864102564102564,0.3787179487179487,0.32871794871794874
3h,Total,1.0,0.2330423940149626,0.0770573566084788,0.3906483790523691,0.29925187032418954,0.4146300914380715
