Label,Event type,Event Fraction,3h,2h,1h,0h,Higgs
3h,Nj=6,0.19389027431421446,0.4289389067524116,0.0,0.41093247588424436,0.16012861736334405,0.5659163987138264
3h,Nj=7,0.31982543640897754,0.31189083820662766,0.04873294346978557,0.42183235867446395,0.21754385964912282,0.484990253411306
3h,Nj>=8,0.486284289276808,0.20487179487179488,0.0835897435897436,0.42153846153846153,0.29,0.4011111111111111
3h,Total,1.0,0.28254364089775563,0.056234413965087285,0.41957605985037405,0.24164588528678305,0.45989193682460516
