Label,Event type,Event Fraction,3h,2h,1h,0h,Higgs
3h,Nj=6,0.19389027431421446,0.402572347266881,0.0,0.38456591639871385,0.21286173633440514,0.5307609860664523
3h,Nj=7,0.31982543640897754,0.1980506822612086,0.0709551656920078,0.4128654970760234,0.31812865497076026,0.3829759584145549
3h,Nj>=8,0.486284289276808,0.11205128205128205,0.09333333333333334,0.3717948717948718,0.4228205128205128,0.2982051282051282
3h,Total,1.0,0.1958852867830424,0.06807980049875312,0.38740648379052367,0.3486284289276808,0.37040731504571905
