Label,Event type,Event Fraction,3h,2h,1h,0h,Higgs
3h,Nj=6,0.20500782472613457,0.45190839694656487,0.0,0.3801526717557252,0.16793893129770993,0.5786259541984733
3h,Nj=7,0.3076682316118936,0.340793489318413,0.052899287894201424,0.40183112919633773,0.20447609359104782,0.5100033909799933
3h,Nj>=8,0.48732394366197185,0.2350674373795761,0.1014771997430957,0.3956326268464997,0.2678227360308285,0.4345964461571398
3h,Total,1.0,0.31205007824726133,0.06572769953051644,0.39436619718309857,0.22785602503912364,0.48732394366197185
