Label,Event type,Event Fraction,3h,2h,1h,0h,Higgs
3h,Nj=6,0.23487405868605557,0.4201216141514649,0.0,0.41127694859038144,0.16860143725815369,0.5572139303482587
3h,Nj=7,0.3373149831212672,0.3029253271747498,0.054657428791377985,0.42802155504234024,0.21439568899153194,0.48203746471644854
3h,Nj>=8,0.4278109581926772,0.21760242792109258,0.09074355083459787,0.43034901365705613,0.2613050075872534,0.42154779969650985
3h,Total,1.0,0.2939496234744222,0.05725785510257076,0.4250843936639834,0.22370812775902363,0.47381632476413055
