Label,Event type,Event Fraction,3h,2h,1h,0h,Higgs
3h,Nj=6,0.23487405868605557,0.4461028192371476,0.0,0.38363736871199555,0.17025981205085683,0.5739819421411462
3h,Nj=7,0.3373149831212672,0.23248652809853734,0.09199384141647421,0.3872209391839877,0.2882986913010008,0.4228894021041827
3h,Nj>=8,0.4278109581926772,0.1298937784522003,0.10318664643399089,0.39726858877086496,0.36965098634294385,0.33110773899848256
3h,Total,1.0,0.2387691508699039,0.07517527914827317,0.3906777460399896,0.2953778239418333,0.41911191898208255
