Label,Event type,Event Fraction,3h,2h,1h,0h,Higgs
3h,Nj=6,0.23487405868605557,0.49640685461580986,0.0,0.3582089552238806,0.14538419016030957,0.6158098396904367
3h,Nj=7,0.3373149831212672,0.2686682063125481,0.0962278675904542,0.376058506543495,0.2590454195535027,0.4581729535540159
3h,Nj>=8,0.4278109581926772,0.14446130500758725,0.10834597875569044,0.40424886191198783,0.34294385432473445,0.3514415781487102
3h,Total,1.0,0.26902103349779277,0.07881069851986497,0.38392625292131916,0.26824201506102313,0.44953691681814245
