Label,Event type,Event Fraction,3h,2h,1h,0h,Higgs
3h,Nj=6,0.22100313479623823,0.39775413711583923,0.0,0.41371158392434987,0.18853427895981087,0.5356579984239559
3h,Nj=7,0.34077847439916403,0.2564200843234956,0.07589114603296282,0.41471828286699886,0.2529704867765427,0.4452536093011371
3h,Nj>=8,0.4382183908045977,0.16810730253353204,0.09657228017883755,0.4113263785394933,0.3239940387481371,0.36959761549925485
3h,Total,1.0,0.24895506792058517,0.06818181818181818,0.41300940438871475,0.26985370950888193,0.4320794148380355
