Label,Event type,Event Fraction,3h,2h,1h,0h,Higgs
3h,Nj=6,0.22100313479623823,0.40602836879432624,0.0,0.37884160756501184,0.21513002364066194,0.5323089046493302
3h,Nj=7,0.34077847439916403,0.15944806439248754,0.1080873898045228,0.387121502491376,0.34534304331161364,0.3605468250926281
3h,Nj>=8,0.4382183908045977,0.07660208643815201,0.10104321907600596,0.3782414307004471,0.44411326378539495,0.2700447093889717
3h,Total,1.0,0.17763845350052246,0.08111285266457681,0.38140020898641586,0.35984848484848486,0.3588470916057123
