Label,Event type,Event Fraction,3h,2h,1h,0h,Higgs
3h,Nj=6,0.22100313479623823,0.4030732860520095,0.0,0.3877068557919622,0.20921985815602837,0.5323089046493302
3h,Nj=7,0.34077847439916403,0.16404752778842469,0.10693752395553852,0.39977002683020313,0.32924492142583367,0.36859588603551807
3h,Nj>=8,0.4382183908045977,0.07451564828614009,0.10670640834575261,0.3827123695976155,0.4360655737704918,0.273224043715847
3h,Total,1.0,0.17763845350052246,0.08320271682340648,0.38962904911180773,0.3495297805642633,0.36298328108672934
