Label,Event type,Event Fraction,3h,2h,1h,0h,Higgs
3h,Nj=6,0.20894951555328914,0.4527150701647346,0.0,0.3544844417327639,0.19280048810250153,0.5708765507423226
3h,Nj=7,0.31820499745028047,0.23717948717948717,0.08733974358974358,0.3922275641025641,0.2832532051282051,0.42614850427350426
3h,Nj>=8,0.4728454869964304,0.11997843084389323,0.09733081693178755,0.40819627932057156,0.37449447290374765,0.32093106857194215
3h,Total,1.0,0.22679755226925039,0.073814380418154,0.3918918918918919,0.30749617542070373,0.406637769845317
