AUC,Overall ACC,Overall AUC
0.8938905679999999,0.83168,0.9002068934
