AUC,Overall ACC,Overall AUC
0.8995273432000002,0.83575,0.9048230688
