AUC,Overall ACC,Overall AUC
0.8785121509999999,0.8957566666666666,0.8823152761999999
