AUC,Overall ACC,Overall AUC
0.897025356,0.83063,0.9006084682
