AUC,Overall ACC,Overall AUC
0.8793430366000001,0.89735,0.88267582432
