AUC,Overall ACC,Overall AUC
0.896523167,0.82841,0.8996182716
