AUC,Overall ACC,Overall AUC
0.903467511,0.83308,0.9059886354
