AUC,Overall ACC,Overall AUC
0.9811963460000002,0.93022,0.9816514936
