AUC,Overall ACC,Overall AUC
0.8783378152000001,0.796175,0.8761472988000001
