AUC,Overall ACC,Overall AUC
0.898948137,0.83134,0.9018902681999998
