AUC,Overall ACC,Overall AUC
0.9784051548,0.9517666666666666,0.9790720498
