AUC,Overall ACC,Overall AUC
0.8688999716,0.89365,0.873467094
