AUC,Overall ACC,Overall AUC
0.8651150162,0.89206,0.87031560196
