AUC,Overall ACC,Overall AUC
0.891179537,0.8264,0.8950532459999999
