AUC,Overall ACC,Overall AUC
0.884439097,0.82212,0.8893952884
