AUC,Overall ACC,Overall AUC
0.9754068652000002,0.918945,0.9762399802
