AUC,Overall ACC,Overall AUC
0.888437659,0.8264,0.8927826948
