AUC,Overall ACC,Overall AUC
0.9777804944000001,0.92593,0.9797637377999999
