AUC,Overall ACC,Overall AUC
0.887831284,0.82563,0.8922820548
