AUC,Overall ACC,Overall AUC
0.8917202471999999,0.83244,0.904778406
