AUC,Overall ACC,Overall AUC
0.8978293649999998,0.82767,0.9003802028
