AUC,Overall ACC,Overall AUC
0.8775507738000001,0.8964266666666667,0.88139636324
