AUC,Overall ACC,Overall AUC
0.8883558804,0.8991433333333333,0.89104263652
