AUC,Overall ACC,Overall AUC
0.8862232682000001,0.804575,0.8859929059999999
