Label,Event type,Event Fraction,3h,2h,1h,0h,Higgs
3h,Nj=6,0.20894951555328914,0.45942647956070776,0.0,0.37522879804759,0.16534472239170225,0.5845027455765711
3h,Nj=7,0.31820499745028047,0.30408653846153844,0.05568910256410257,0.41907051282051283,0.22115384615384615,0.4809027777777778
3h,Nj>=8,0.4728454869964304,0.20355891075761662,0.10002696144513346,0.39633324346184956,0.30008088433540037,0.4023546328749888
3h,Total,1.0,0.28901070882202956,0.06501784803671597,0.39915859255481895,0.24681285058643548,0.46540880503144655
