Label,Event type,Event Fraction,3h,2h,1h,0h,Higgs
3h,Nj=6,0.20894951555328914,0.37095790115924343,0.0,0.3910921293471629,0.23794996949359365,0.5013219442749645
3h,Nj=7,0.31820499745028047,0.19831730769230768,0.0765224358974359,0.3922275641025641,0.3329326923076923,0.3800747863247863
3h,Nj>=8,0.4728454869964304,0.11054192504718253,0.08735508223240766,0.39983823132919927,0.4022647613912106,0.30205805697852073
3h,Total,1.0,0.192886282508924,0.06565527791942886,0.3955889852116267,0.3458694543600204,0.3685194628590855
