Label,Event type,Event Fraction,3h,2h,1h,0h,Higgs
3h,Nj=6,0.20294784580498867,0.3854748603351955,0.0,0.42582247051520794,0.18870266914959652,0.5274156838402648
3h,Nj=7,0.3285462333081381,0.30559815950920244,0.053297546012269936,0.40337423312883436,0.23773006134969324,0.4755879345603272
3h,Nj>=8,0.46850592088687326,0.19252487227749396,0.08927130949179887,0.4216187147082549,0.29658510352245226,0.39257865017477817
3h,Total,1.0,0.2688334593096498,0.059334845049130766,0.41647770219198793,0.25535399344923154,0.4472159234063996
