Label,Event type,Event Fraction,3h,2h,1h,0h,Higgs
3h,Nj=6,0.20294784580498867,0.4121663563004345,0.0,0.3749224084419615,0.21291123525760397,0.537140492447755
3h,Nj=7,0.3285462333081381,0.2553680981595092,0.08090490797546013,0.35736196319018404,0.3063650306748466,0.4284253578732106
3h,Nj>=8,0.46850592088687326,0.1156224791610648,0.10836246302769562,0.3923097606883571,0.3837052971228825,0.3186340414089809
3h,Total,1.0,0.2217183169564122,0.07734945830183926,0.37729906777525823,0.3236331569664903,0.3990509784160578
