Label,Event type,Event Fraction,3h,2h,1h,0h,Higgs
3h,Nj=6,0.20294784580498867,0.3743016759776536,0.0,0.3854748603351955,0.24022346368715083,0.5027932960893855
3h,Nj=7,0.3285462333081381,0.2223926380368098,0.0709355828220859,0.36273006134969327,0.34394171779141103,0.39059304703476483
3h,Nj>=8,0.46850592088687326,0.10110244689432643,0.09545576767948373,0.38720086044635654,0.4162409249798333,0.29380657882943445
3h,Total,1.0,0.1963970773494583,0.06802721088435375,0.3788107835726883,0.35676492819349964,0.3680188124632569
