Label,Event type,Event Fraction,3h,2h,1h,0h,Higgs
3h,Nj=6,0.2104301820243119,0.39389404369949116,0.01406764441783897,0.37922777611493563,0.2128105357677342,0.5296817320163624
3h,Nj=7,0.32184921584682247,0.21448140900195695,0.09569471624266145,0.3898238747553816,0.3,0.40821917808219177
3h,Nj>=8,0.4677206021288657,0.11607864260705629,0.11163479666038244,0.38567196337193643,0.3866145973606248,0.3190591615046234
3h,Total,1.0,0.20621024122945142,0.08597342067141148,0.38565220129747435,0.3221641368016628,0.39207658877621715
