Label,Event type,Event Fraction,3h,2h,1h,0h,Higgs
3h,Nj=6,0.18050541516245489,0.42916666666666664,0.0025,0.36916666666666664,0.19916666666666666,0.5538888888888889
3h,Nj=7,0.2990373044524669,0.34959758551307846,0.02414486921529175,0.3762575452716298,0.25,0.49111334674714957
3h,Nj>=8,0.5204572803850782,0.23497109826589596,0.05433526011560694,0.3936416184971098,0.3170520231213873,0.40240847784200384
3h,Total,1.0,0.3043020457280385,0.03595066185318893,0.38402527075812276,0.2757220216606498,0.4562775772162054
