Label,Event type,Event Fraction,3h,2h,1h,0h,Higgs
3h,Nj=6,0.18050541516245489,0.515,0.0,0.355,0.13,0.6333333333333333
3h,Nj=7,0.2990373044524669,0.43309859154929575,0.032696177062374245,0.3611670020120724,0.17303822937625754,0.5752850435949027
3h,Nj>=8,0.5204572803850782,0.31878612716763005,0.06271676300578034,0.38815028901734105,0.23034682080924856,0.48998073217726396
3h,Total,1.0,0.38838748495788206,0.042418772563176894,0.3740974729241877,0.19509626955475332,0.5413658243080626
