Label,Event type,Event Fraction,3h,2h,1h,0h,Higgs
3h,Nj=6,0.20328849028400597,0.3434436274509804,0.014093137254901961,0.3961397058823529,0.24632352941176472,0.4848856209150327
3h,Nj=7,0.3247384155455904,0.17990026850786345,0.08227848101265822,0.39969313387034905,0.3381281166091293,0.36798363380641863
3h,Nj>=8,0.47197309417040356,0.11533386117709159,0.09540775930324624,0.37965162311955664,0.4096067564001056,0.3054895750857746
3h,Total,1.0,0.18267314399601395,0.07461385151968111,0.38951170901843546,0.3532012954658695,0.36225294801527985
