Label,Event type,Event Fraction,3h,2h,1h,0h,Higgs
3h,Nj=6,0.20328849028400597,0.39705882352941174,0.017769607843137254,0.36917892156862747,0.21599264705882354,0.5319648692810458
3h,Nj=7,0.3247384155455904,0.2079018028385117,0.08956655159186805,0.4035289604909858,0.2990026850786344,0.40212249073008566
3h,Nj>=8,0.47197309417040356,0.12707838479809977,0.11018738453417788,0.3888888888888889,0.37384534177883344,0.33016627078384797
3h,Total,1.0,0.20820876930742402,0.08470353761833582,0.3896362730443448,0.31745142002989535,0.39455655206776286
