Label,Event type,Event Fraction,3h,2h,1h,0h,Higgs
3h,Nj=6,0.2104301820243119,0.3483986830290332,0.0,0.44507632445375633,0.2065249925172104,0.496757457846952
3h,Nj=7,0.32184921584682247,0.27123287671232876,0.0589041095890411,0.42211350293542077,0.2477495107632094,0.4512067840834964
3h,Nj>=8,0.4677206021288657,0.17586856988957716,0.08443307298680312,0.4202800969566388,0.3194182601669809,0.3722506508663255
3h,Total,1.0,0.2428670403728664,0.05844932921836619,0.42608805189897336,0.27259557850979405,0.4238626104847683
