Label,Event type,Event Fraction,3h,2h,1h,0h,Higgs
3h,Nj=6,0.20328849028400597,0.48590686274509803,0.0,0.38143382352941174,0.1326593137254902,0.6130514705882353
3h,Nj=7,0.3247384155455904,0.3747602608362102,0.05753739930955121,0.378596087456847,0.18910625239739165,0.5393172228615266
3h,Nj>=8,0.47197309417040356,0.2721034573766165,0.08841382950646609,0.39667458432304037,0.242808128793877,0.4632708718219407
3h,Total,1.0,0.348903836571998,0.060413552566018935,0.3877055306427504,0.2029770802192327,0.518414715163594
