Label,Event type,Event Fraction,3h,2h,1h,0h,Higgs
3h,Nj=6,0.18050541516245489,0.375,0.0025,0.3825,0.24,0.5041666666666667
3h,Nj=7,0.2990373044524669,0.323943661971831,0.021629778672032193,0.3772635814889336,0.27716297786720323,0.4641180415828303
3h,Nj>=8,0.5204572803850782,0.20202312138728323,0.04942196531791908,0.40115606936416187,0.34739884393063586,0.3686897880539499
3h,Total,1.0,0.269705174488568,0.032641395908543924,0.3906438026474128,0.30700962695547535,0.42168070597673485
