Label,Event type,Event Fraction,3h,2h,1h,0h,Higgs
3h,Nj=6,0.2104301820243119,0.34780005986231666,0.01197246333433104,0.3920981741993415,0.24812930260401078,0.48648109348498453
3h,Nj=7,0.32184921584682247,0.18356164383561643,0.08923679060665363,0.3898238747553816,0.33737769080234836,0.3729941291585127
3h,Nj>=8,0.4677206021288657,0.09762994882844062,0.09574468085106383,0.38836520333961755,0.418260166980878,0.2909148038423557
3h,Total,1.0,0.1779303394847893,0.07602191849845688,0.38962020532846253,0.35642753668829125,0.35848502025991474
