AUC,Overall ACC,Overall AUC
0.885517415,0.8264,0.8927826948
