AUC,Overall ACC,Overall AUC
0.8733235166,0.8941666666666667,0.87485182772
