AUC,Overall ACC,Overall AUC
0.902829337,0.83308,0.9059886354
