AUC,Overall ACC,Overall AUC
0.872265101,0.89365,0.873467094
