AUC,Overall ACC,Overall AUC
0.894433427,0.83063,0.9006084682
