AUC,Overall ACC,Overall AUC
0.9807518449999999,0.93022,0.9816514936
