AUC,Overall ACC,Overall AUC
0.895449842,0.82841,0.8996182716
