AUC,Overall ACC,Overall AUC
0.8852067699999998,0.82563,0.8922820548
