AUC,Overall ACC,Overall AUC
0.897066489,0.83134,0.9018902681999998
