AUC,Overall ACC,Overall AUC
0.896589481,0.82767,0.9003802028
