AUC,Overall ACC,Overall AUC
0.8884559290000001,0.8264,0.8950532459999999
