AUC,Overall ACC,Overall AUC
0.8833629506,0.89735,0.88267582432
