AUC,Overall ACC,Overall AUC
0.8818483462000001,0.8964866666666667,0.88399621744
