AUC,Overall ACC,Overall AUC
0.8805219470000001,0.82212,0.8893952884
