Label,Event type,Event Fraction,3h,2h,1h,0h,Higgs
3h,Nj=6,0.2073117016590809,0.5084985835694051,0.0,0.3548158640226629,0.136685552407932,0.626770538243626
3h,Nj=7,0.31096755248862135,0.4169027384324835,0.02785646836638338,0.3777148253068933,0.17752596789423986,0.5613786591123702
3h,Nj>=8,0.48172074585229774,0.3008229198415117,0.06461444681499542,0.37397135019811034,0.2605912831453825,0.4685563344508788
3h,Total,1.0,0.379973572162678,0.03978857730142417,0.37116429305535165,0.20907355748054618,0.530220721382078
