Label,Event type,Event Fraction,3h,2h,1h,0h,Higgs
3h,Nj=6,0.2073117016590809,0.5297450424929179,0.0,0.3434844192634561,0.12677053824362605,0.6442398489140698
3h,Nj=7,0.31096755248862135,0.40698772426817753,0.033050047214353166,0.36779981114258736,0.19216241737488196,0.5516210261252754
3h,Nj>=8,0.48172074585229774,0.27247790307832975,0.05638524839987809,0.3934775982932033,0.27765925022858884,0.4412272681093163
3h,Total,1.0,0.36764058141242106,0.03743943620613713,0.3751284686536485,0.21979151372779326,0.5176430284343954
