Label,Event type,Event Fraction,3h,2h,1h,0h,Higgs
3h,Nj=6,0.23875948874326866,0.5149456521739131,0.0,0.3605978260869565,0.12445652173913044,0.6351449275362319
3h,Nj=7,0.3419840394472199,0.25915386074748625,0.08783911971162967,0.4037184594953519,0.24928856004553215,0.45228609372035666
3h,Nj>=8,0.4192564718095115,0.14809656453110492,0.10631383472609099,0.38594862271742497,0.35964097802537914,0.34762199525430726
3h,Total,1.0,0.27366508791280086,0.07461234023227147,0.38597288003633295,0.2657496918185947,0.4520642747464262
