Label,Event type,Event Fraction,3h,2h,1h,0h,Higgs
3h,Nj=6,0.2073117016590809,0.47592067988668557,0.0,0.34490084985835695,0.1791784702549575,0.5908876298394712
3h,Nj=7,0.31096755248862135,0.37393767705382436,0.026912181303116147,0.392823418319169,0.20632672332389046,0.5228202706956248
3h,Nj>=8,0.48172074585229774,0.27339225845778725,0.060042669917708014,0.3846388296251143,0.2819262419993904,0.44163364827796403
3h,Total,1.0,0.3466451328732932,0.037292614887681694,0.37894582293348994,0.23711642930553517,0.497822150442911
