Label,Event type,Event Fraction,3h,2h,1h,0h,Higgs
3h,Nj=6,0.23875948874326866,0.4633152173913043,0.0,0.36983695652173915,0.16684782608695653,0.5865942028985507
3h,Nj=7,0.3419840394472199,0.2333523050654525,0.0842344906089926,0.4012521343198634,0.2811610700056915,0.42325934357806866
3h,Nj>=8,0.4192564718095115,0.1341689879294336,0.10151655834107087,0.38502011761064686,0.37929433611884866,0.33018673269369647
3h,Total,1.0,0.24667488483747485,0.071368325439564,0.3869460844741452,0.29501070524881595,0.42323579662189925
