Label,Event type,Event Fraction,3h,2h,1h,0h,Higgs
3h,Nj=6,0.23398382334060855,0.47050754458161864,0.0,0.3739368998628258,0.15555555555555556,0.5951531778692273
3h,Nj=7,0.3378482475285659,0.34220026600798026,0.04883146494394832,0.3954018620558617,0.21356640699220977,0.5065551966558997
3h,Nj>=8,0.4281679291308255,0.23493253373313344,0.08095952023988005,0.40314842578710647,0.2809595202398801,0.42328835582208896
3h,Total,1.0,0.3262934908203877,0.05116189498010014,0.3936962382847606,0.22884837591475157,0.49163350023537467
