Label,Event type,Event Fraction,3h,2h,1h,0h,Higgs
3h,Nj=6,0.23398382334060855,0.44142661179698217,0.0,0.37997256515775035,0.17860082304526748,0.5680841335162323
3h,Nj=7,0.3378482475285659,0.23161694850845527,0.09006270188105643,0.3929317879536386,0.2853885616568497,0.42263601241370574
3h,Nj>=8,0.4281679291308255,0.14032983508245878,0.10164917541229385,0.3794602698650675,0.3785607196401799,0.3345827086456772
3h,Total,1.0,0.2416228013865708,0.07395044293234047,0.3841314674541019,0.30029528822698676,0.41896691915949846
