Label,Event type,Event Fraction,3h,2h,1h,0h,Higgs
3h,Nj=6,0.23398382334060855,0.5146776406035666,0.0,0.349519890260631,0.13580246913580246,0.6311842706904436
3h,Nj=7,0.3378482475285659,0.2660079802394072,0.09025270758122744,0.39008170245107354,0.2536576097282918,0.4562036861105833
3h,Nj>=8,0.4281679291308255,0.15442278860569716,0.10644677661169415,0.38395802098950527,0.35517241379310344,0.35337331334332833
3h,Total,1.0,0.27641545769675185,0.07606881499550648,0.37796893054307357,0.26954679676466814,0.4531176445414473
