Label,Event type,Event Fraction,3h,2h,1h,0h,Higgs
3h,Nj=6,0.23875948874326866,0.36929347826086956,0.0,0.4391304347826087,0.19157608695652173,0.5156702898550725
3h,Nj=7,0.3419840394472199,0.2688294441282489,0.047619047619047616,0.4317966230316828,0.2517548852210207,0.44450768355150827
3h,Nj>=8,0.4192564718095115,0.18074899411946765,0.07768492726709997,0.43454038997214484,0.30702568864128754,0.3773857422882492
3h,Total,1.0,0.255887886848764,0.04885486277817427,0.43469798222279893,0.26055926815026276,0.43335712277514654
