Label,Event type,Event Fraction,3h,2h,1h,0h,Higgs
3h,Nj=6,0.23340887018452575,0.3814147018030513,0.0,0.4563106796116505,0.1622746185852982,0.5335182616736015
3h,Nj=7,0.3441243120751052,0.3198494825964252,0.05644402634054563,0.41486359360301034,0.20884289746001883,0.49576669802445905
3h,Nj>=8,0.42246681774036904,0.20306513409961685,0.0735632183908046,0.41839080459770117,0.3049808429118774,0.39157088122605366
3h,Total,1.0,0.2848818387827776,0.05050178051149239,0.42602784072515376,0.23858853998057625,0.4605589726988238
