Label,Event type,Event Fraction,3h,2h,1h,0h,Higgs
3h,Nj=6,0.19979481918440625,0.44608472400513477,0.0,0.33697047496790755,0.21694480102695765,0.558408215661104
3h,Nj=7,0.31610669402410874,0.2154158215010142,0.08154158215010142,0.4101419878296146,0.2929006085192698,0.40649087221095337
3h,Nj>=8,0.484098486791485,0.1266225165562914,0.10410596026490067,0.392317880794702,0.37695364238410595,0.3267991169977925
3h,Total,1.0,0.2185175686073352,0.07617337778917671,0.3868940754039497,0.31841497819953835,0.39826451226810294
