Label,Event type,Event Fraction,3h,2h,1h,0h,Higgs
3h,Nj=6,0.2084524944391484,0.4481707317073171,0.0,0.3643292682926829,0.1875,0.5696138211382114
3h,Nj=7,0.3101366380680013,0.35450819672131145,0.05430327868852459,0.39036885245901637,0.20081967213114754,0.5208333333333334
3h,Nj>=8,0.48141086749285034,0.2396039603960396,0.0858085808580858,0.41122112211221123,0.2633663366336634,0.4338833883388339
3h,Total,1.0,0.3187162376866857,0.058150619637750235,0.3949793454083254,0.22815379726723864,0.489143099247961
