Label,Event type,Event Fraction,3h,2h,1h,0h,Higgs
3h,Nj=6,0.19979481918440625,0.38061617458279845,0.0,0.3754813863928113,0.24390243902439024,0.5057766367137355
3h,Nj=7,0.31610669402410874,0.1817444219066937,0.07099391480730223,0.4154158215010142,0.3318458417849899,0.3675456389452333
3h,Nj>=8,0.484098486791485,0.10384105960264901,0.09006622516556291,0.39417218543046356,0.4119205298013245,0.2952759381898455
3h,Total,1.0,0.18376506796614517,0.0660425750192357,0.39715311618363686,0.3530392408309823,0.36017782337351456
