Label,Event type,Event Fraction,3h,2h,1h,0h,Higgs
3h,Nj=6,0.17324144486692014,0.4410150891632373,0.0,0.401920438957476,0.15706447187928668,0.5749885688157294
3h,Nj=7,0.30620247148288976,0.3674815677143966,0.02483507954986418,0.4109429569266589,0.19674039580908032,0.5210192730565256
3h,Nj>=8,0.5205560836501901,0.25336681123031274,0.06094498972837252,0.3907783611047706,0.2949098379365442,0.42425625808415124
3h,Total,1.0,0.3208174904942966,0.03932984790874525,0.3988830798479088,0.24096958174904942,0.4799984157160963
