Label,Event type,Event Fraction,3h,2h,1h,0h,Higgs
3h,Nj=6,0.17324144486692014,0.37037037037037035,0.0,0.4149519890260631,0.21467764060356653,0.5086877000457247
3h,Nj=7,0.30620247148288976,0.2852153667054715,0.018626309662398137,0.40357004268529295,0.2925882809468374,0.4321562540421679
3h,Nj>=8,0.5205560836501901,0.19173704633645286,0.048847295138096325,0.4028760556950468,0.35653960283040403,0.358593928326866
3h,Total,1.0,0.2513070342205323,0.031131178707224334,0.405180608365019,0.3123811787072243,0.40712135614702155
