Label,Event type,Event Fraction,3h,2h,1h,0h,Higgs
3h,Nj=6,0.19979481918440625,0.4146341463414634,0.0,0.3908857509627728,0.1944801026957638,0.5449293966623877
3h,Nj=7,0.31610669402410874,0.2973630831643002,0.06044624746450304,0.4109533468559838,0.23123732251521298,0.4746450304259635
3h,Nj>=8,0.484098486791485,0.22410596026490065,0.08185430463576158,0.4095364238410596,0.28450331125827816,0.4151876379690949
3h,Total,1.0,0.28532957168504747,0.058733008463708644,0.40625801487560914,0.2496794049756348,0.4599042489527229
