Label,Event type,Event Fraction,3h,2h,1h,0h,Higgs
3h,Nj=6,0.20365768176894156,0.44148936170212766,0.0,0.3460575719649562,0.21245306633291614,0.5568418856904463
3h,Nj=7,0.3238386541770216,0.22117276662731208,0.08520267611176702,0.3941361668634396,0.2994883903974813,0.40935327298963664
3h,Nj>=8,0.4725036640540368,0.1260957518543493,0.10249494268374916,0.38624409979770735,0.3851652056641942,0.32317374690941786
3h,Total,1.0,0.22111769578793092,0.07602115592939528,0.3806155610781877,0.3222455872044861,0.398670320100257
