Label,Event type,Event Fraction,3h,2h,1h,0h,Higgs
3h,Nj=6,0.21156040055773861,0.45146794487717196,0.0,0.3550029958058718,0.19352905931695627,0.5698022768124625
3h,Nj=7,0.3175941183926987,0.22630213530233487,0.07503492316902814,0.38595090800239473,0.3127120335262423,0.4049757200824852
3h,Nj>=8,0.4708454810495627,0.12491587023825548,0.09853277695517566,0.3915735630636694,0.3849777897428994,0.32112890922959575
3h,Total,1.0,0.22620103942197997,0.07022436303714032,0.38205095702877423,0.32152364051210547,0.4003676004563316
