Label,Event type,Event Fraction,3h,2h,1h,0h,Higgs
3h,Nj=6,0.18120705109052884,0.5762572135201979,0.0,0.2901896125309151,0.13355317394888705,0.6729870843638363
3h,Nj=7,0.29728114729608607,0.4482412060301508,0.02964824120603015,0.3507537688442211,0.171356783919598,0.5849246231155779
3h,Nj>=8,0.5215118016133852,0.3059295330850759,0.06674305356631338,0.3855628759667717,0.241764537381839,0.4789458607848754
3h,Total,1.0,0.3972213922916044,0.04362115327158649,0.3579324768449358,0.20122497759187333,0.5456129867543074
