Label,Event type,Event Fraction,3h,2h,1h,0h,Higgs
3h,Nj=6,0.18120705109052884,0.39406430338004944,0.0,0.380873866446826,0.22506183017312448,0.5210222588623248
3h,Nj=7,0.29728114729608607,0.3055276381909548,0.021608040201005024,0.3954773869346734,0.27738693467336684,0.45175879396984925
3h,Nj>=8,0.5215118016133852,0.19048983099398453,0.04182182755657405,0.38842738470352334,0.3792609567459181,0.3478468442662083
3h,Total,1.0,0.2615775321183149,0.02823423961756797,0.389154466686585,0.3210337615775321,0.4101185140922219
