Label,Event type,Event Fraction,3h,2h,1h,0h,Higgs
3h,Nj=6,0.21156040055773861,0.3822648292390653,0.0,0.38915518274415817,0.2285799880167765,0.511983223487118
3h,Nj=7,0.3175941183926987,0.19397325883057273,0.06984633805627619,0.3911394931151467,0.3450409099980044,0.37091731523980576
3h,Nj>=8,0.4708454810495627,0.10647462646385786,0.08816799030825145,0.39063130973213084,0.41472607349575985,0.29546372324673575
3h,Total,1.0,0.19260996323995436,0.06369628596780327,0.390480415768792,0.35321333502345037,0.36523429247475386
