Label,Event type,Event Fraction,3h,2h,1h,0h,Higgs
3h,Nj=6,0.20365768176894156,0.3645181476846058,0.0,0.43178973717146435,0.2036921151439299,0.5084480600750939
3h,Nj=7,0.3238386541770216,0.27390791027154665,0.0529319165682802,0.4153876426603699,0.25777253049980325,0.4476584022038568
3h,Nj>=8,0.4725036640540368,0.18664868509777477,0.08199595414699933,0.41443020903573835,0.31692515171948754,0.37945605754102046
3h,Total,1.0,0.25113107755050024,0.05588478939654623,0.41827566430892754,0.274708468744026,0.42781282525117353
