Label,Event type,Event Fraction,3h,2h,1h,0h,Higgs
3h,Nj=6,0.20365768176894156,0.37359198998748433,0.0,0.38235294117647056,0.24405506883604505,0.5010429703796412
3h,Nj=7,0.3238386541770216,0.18240850059031877,0.07418339236521054,0.4116489571035026,0.3317591499409681,0.36908041453496
3h,Nj>=8,0.4725036640540368,0.10681051921780176,0.08900876601483479,0.3817936614969656,0.4223870532703978,0.29341425039334684
3h,Total,1.0,0.1856241636398394,0.06608041802077359,0.39157586184923215,0.35671955649015485,0.36020306293676585
