Label,Event type,Event Fraction,3h,2h,1h,0h,Higgs
3h,Nj=6,0.21156040055773861,0.5272618334331935,0.0,0.3298382264829239,0.14289994008388257,0.6372079089275015
3h,Nj=7,0.3175941183926987,0.38754739572939534,0.04749550987826781,0.37138295749351424,0.19357413689882258,0.5430053881460787
3h,Nj>=8,0.4708454810495627,0.2825413918427783,0.08359133126934984,0.38793915735630635,0.2459281195315655,0.467581998474447
3h,Total,1.0,0.36766383572062367,0.05444289517049056,0.3703891494485993,0.20750411966028648,0.5274221489838171
