Label,Event type,Event Fraction,3h,2h,1h,0h,Higgs
3h,Nj=6,0.18120705109052884,0.4460016488046167,0.0,0.34954657873042044,0.2044517724649629,0.5625171750480902
3h,Nj=7,0.29728114729608607,0.3758793969849246,0.022613065326633167,0.36180904522613067,0.23969849246231156,0.5115577889447236
3h,Nj>=8,0.5215118016133852,0.2257232884560298,0.05184760813520481,0.384417072472071,0.33801203093669435,0.38842738470352334
3h,Total,1.0,0.3102778607708396,0.033761577532118316,0.3713773528533015,0.28458320884374066,0.45657803007668557
