Label,Event type,Event Fraction,3h,2h,1h,0h,Higgs
3h,Nj=6,0.20972722593926918,0.4484662576687117,0.0,0.39815950920245397,0.15337423312883436,0.5811860940695297
3h,Nj=7,0.3383942357179619,0.28517110266159695,0.07984790874524715,0.4095057034220532,0.22547528517110266,0.47490494296577945
3h,Nj>=8,0.4518785383427689,0.17539863325740318,0.11902050113895217,0.38667425968109337,0.31890660592255127,0.3836370539104024
3h,Total,1.0,0.2698147195059187,0.08080288214101904,0.3968090581574884,0.25257334019557387,0.45595299365242753
