Label,Event type,Event Fraction,3h,2h,1h,0h,Higgs
3h,Nj=6,0.24348492590700052,0.4653725078698846,0.0,0.3740818467995803,0.16054564533053514,0.590066456803078
3h,Nj=7,0.34044455799693407,0.22964352720450282,0.08442776735459662,0.400375234521576,0.2855534709193246,0.41938711694809255
3h,Nj>=8,0.4160705160960654,0.13325145839729813,0.11022413263739637,0.3788762665029168,0.3776481424623887,0.3330263023232013
3h,Total,1.0,0.24693408277976495,0.0746039856923863,0.3850281042411855,0.2934338272866633,0.4250127746550843
