Label,Event type,Event Fraction,3h,2h,1h,0h,Higgs
3h,Nj=6,0.24348492590700052,0.5209863588667366,0.0,0.35362014690451204,0.12539349422875132,0.6388597411682406
3h,Nj=7,0.34044455799693407,0.2731707317073171,0.0825515947467167,0.39887429643527206,0.24540337711069418,0.46116322701688556
3h,Nj>=8,0.4160705160960654,0.1486030089038993,0.10899600859686828,0.38378876266502915,0.35861221983420327,0.3491966021901545
3h,Total,1.0,0.28168114460909555,0.07345426673479816,0.3815789473684211,0.2632856412876852,0.457843638221768
