Label,Event type,Event Fraction,3h,2h,1h,0h,Higgs
3h,Nj=6,0.24348492590700052,0.4323189926547744,0.0,0.412906610703043,0.1547743966421826,0.5699545295557887
3h,Nj=7,0.34044455799693407,0.3118198874296435,0.05628517823639775,0.4131332082551595,0.21876172607879926,0.4870544090056285
3h,Nj>=8,0.4160705160960654,0.21338655204175622,0.08320540374577833,0.41909732883021183,0.2843107153822536,0.40855593081567904
3h,Total,1.0,0.300204394481349,0.05378129790495657,0.4155595298926929,0.23045477772100154,0.4745784363822177
