Label,Event type,Event Fraction,3h,2h,1h,0h,Higgs
3h,Nj=6,0.21017572797056397,0.4524600060368246,0.0,0.3513431934802294,0.19619680048294597,0.5695744038635677
3h,Nj=7,0.31757914102645435,0.2259288853375949,0.08030363563723532,0.39532560926887733,0.29844186975629244,0.4112398455187109
3h,Nj>=8,0.47224513100298166,0.123052122514777,0.09833422890918861,0.3879634605051048,0.3906501880709296,0.3179294286226043
3h,Total,1.0,0.22495717820211888,0.07194062044027152,0.38260483410518303,0.32049736725242656,0.40045253653069424
