Label,Event type,Event Fraction,3h,2h,1h,0h,Higgs
3h,Nj=6,0.21017572797056397,0.3893751886507697,0.0,0.37669785692725627,0.23392695442197403,0.5149411409598551
3h,Nj=7,0.31757914102645435,0.1921693967239313,0.07810627247303237,0.39472632840591293,0.33499800239712346,0.3758156878412572
3h,Nj>=8,0.47224513100298166,0.10720042987641053,0.08772165502418054,0.3797689414293391,0.42530897367006987,0.29227118036897726
3h,Total,1.0,0.19349108672207066,0.06623104738945632,0.3838736281164753,0.3564042377719977,0.3656029943538667
