Label,Event type,Event Fraction,3h,2h,1h,0h,Higgs
3h,Nj=6,0.20754716981132076,0.3466666666666667,0.0,0.42696969696969694,0.22636363636363635,0.488989898989899
3h,Nj=7,0.32522012578616355,0.26822664861728873,0.04447882421195127,0.4219686714368594,0.2653258557339006,0.43853542190420935
3h,Nj>=8,0.46723270440251574,0.17162471395881007,0.08170682460627271,0.4241486068111455,0.3225198546237717,0.3674787993000404
3h,Total,1.0,0.23937106918238993,0.052641509433962265,0.4240251572327044,0.2839622641509434,0.4158071278825996
