Label,Event type,Event Fraction,3h,2h,1h,0h,Higgs
3h,Nj=6,0.20754716981132076,0.37545454545454543,0.0,0.3787878787878788,0.24575757575757576,0.5017171717171717
3h,Nj=7,0.32522012578616355,0.21427190098626958,0.07619415973699478,0.366853606652485,0.3426803326242506,0.38735254302842775
3h,Nj>=8,0.46723270440251574,0.10391708170682461,0.09409072553506528,0.3857854354556468,0.4162067573024633,0.29523937721541704
3h,Total,1.0,0.1961635220125786,0.06874213836477987,0.3781761006289308,0.35691823899371067,0.3680503144654088
