Label,Event type,Event Fraction,3h,2h,1h,0h,Higgs
3h,Nj=6,0.176313446126447,0.4730639730639731,0.0,0.3501683501683502,0.17676767676767677,0.5897867564534232
3h,Nj=7,0.3060255268625705,0.34044616876818623,0.029582929194956354,0.3913676042677013,0.23860329776915615,0.49062398965405757
3h,Nj>=8,0.5176610270109825,0.24197247706422018,0.04988532110091743,0.38245412844036697,0.3256880733944954,0.40271406727828746
3h,Total,1.0,0.3128524784802612,0.03487681804689819,0.3794894627485901,0.27278124072425053,0.46260017809439
