Label,Event type,Event Fraction,3h,2h,1h,0h,Higgs
3h,Nj=6,0.20754716981132076,0.4293939393939394,0.0,0.36454545454545456,0.20606060606060606,0.5509090909090909
3h,Nj=7,0.32522012578616355,0.2436666022046026,0.08470315219493328,0.3682073099980661,0.30342293560239797,0.4228711403339135
3h,Nj>=8,0.46723270440251574,0.1187239197738592,0.10889756360209987,0.38780454973751516,0.3845739668865258,0.3205904787544308
3h,Total,1.0,0.22383647798742137,0.07842767295597484,0.37660377358490565,0.3211320754716981,0.4016561844863732
