Label,Event type,Event Fraction,3h,2h,1h,0h,Higgs
3h,Nj=6,0.176313446126447,0.5328282828282829,0.0,0.3324915824915825,0.13468013468013468,0.643658810325477
3h,Nj=7,0.3060255268625705,0.4219204655674103,0.03976721629485936,0.3617846750727449,0.17652764306498545,0.5690268347882315
3h,Nj>=8,0.5176610270109825,0.30103211009174313,0.05963302752293578,0.3881880733944954,0.2511467889908257,0.4701834862385321
3h,Total,1.0,0.3788958147818344,0.04303947758978925,0.3702879192638765,0.20777678836449986,0.5310181062629861
