Label,Event type,Event Fraction,3h,2h,1h,0h,Higgs
3h,Nj=6,0.176313446126447,0.3872053872053872,0.0,0.38047138047138046,0.23232323232323232,0.5140291806958474
3h,Nj=7,0.3060255268625705,0.2987390882638215,0.026188166828322017,0.38845780795344326,0.2866149369544132,0.4456838021338506
3h,Nj>=8,0.5176610270109825,0.2069954128440367,0.045871559633027525,0.380447247706422,0.36668577981651373,0.3643922018348624
3h,Total,1.0,0.26684476105669336,0.03176016622143069,0.38290293855743546,0.3184921341644405,0.4156525180567923
