Label,Event type,Event Fraction,3h,2h,1h,0h,Higgs
3h,Nj=6,0.21017572797056397,0.4929067310594627,0.0,0.3597947479625717,0.14729852097796559,0.6128383137136533
3h,Nj=7,0.31757914102645435,0.38413903316020775,0.0463443867359169,0.37634838194167,0.19316819816220535,0.5404847516313757
3h,Nj>=8,0.47224513100298166,0.27686727565824826,0.088527673293928,0.37318645889306823,0.2614185921547555,0.46028121081855633
3h,Total,1.0,0.3563407980714331,0.056524773203070484,0.3713760071052465,0.21575842162024994,0.5178159825752289
