Label,Event type,Event Fraction,3h,2h,1h,0h,Higgs
3h,Nj=6,0.1766607877718989,0.41264559068219636,0.0,0.3544093178036606,0.23294509151414308,0.5307820299500832
3h,Nj=7,0.2980599647266314,0.3022682445759369,0.02021696252465483,0.3831360946745562,0.2943786982248521,0.44345825115055887
3h,Nj>=8,0.5252792475014697,0.2059317291550084,0.04280917739227756,0.3847229994404029,0.36653609401231113,0.3627121805633277
3h,Total,1.0,0.27116402116402116,0.028512639623750734,0.37889476778365666,0.32142857142857145,0.41647070350774057
