Label,Event type,Event Fraction,3h,2h,1h,0h,Higgs
3h,Nj=6,0.22030099263528657,0.4433139534883721,0.0,0.3866279069767442,0.17005813953488372,0.5721899224806202
3h,Nj=7,0.33013128402177394,0.31328806983511154,0.052376333656644035,0.39864209505334625,0.23569350145489815,0.481086323957323
3h,Nj>=8,0.4495677233429395,0.2336182336182336,0.08618233618233619,0.4074074074074074,0.2727920227920228,0.42687559354226023
3h,Total,1.0,0.30611591418507844,0.05603586295228947,0.3999359590137688,0.23791226384886327,0.47678514249119436
