AUC,Overall ACC,Overall AUC
0.8747452616,0.82445,0.8953579722
