AUC,Overall ACC,Overall AUC
0.8514534521999999,0.79166,0.8670257489
