AUC,Overall ACC,Overall AUC
0.873635916,0.82162,0.8940384256
