AUC,Overall ACC,Overall AUC
0.849994178,0.79186,0.868177913
