AUC,Overall ACC,Overall AUC
0.8511508101999998,0.791745,0.8677800556499999
