AUC,Overall ACC,Overall AUC
0.8757841512000001,0.82657,0.897066608
