AUC,Overall ACC,Overall AUC
0.95400184,0.90458,0.9681104118000001
