AUC,Overall ACC,Overall AUC
0.9307180953999998,0.873615,0.9494480907499999
