AUC,Overall ACC,Overall AUC
0.8804566540000001,0.79166,0.8670257489
