AUC,Overall ACC,Overall AUC
0.8999512359999999,0.82445,0.8953579722
