AUC,Overall ACC,Overall AUC
0.9703545353999999,0.873615,0.9494480907499999
