AUC,Overall ACC,Overall AUC
0.8815660734,0.791745,0.8677800556499999
