AUC,Overall ACC,Overall AUC
0.883386906,0.79186,0.868177913
