AUC,Overall ACC,Overall AUC
0.9744459832,0.90458,0.9681104118000001
