AUC,Overall ACC,Overall AUC
0.9018421671999999,0.82657,0.897066608
