AUC,Overall ACC,Overall AUC
0.8975952224,0.82162,0.8940384256
