AUC,Overall ACC,Overall AUC
0.8646781956,0.8927433333333333,0.8724410496400001
