AUC,Overall ACC,Overall AUC
0.8815049660000001,0.8264,0.8927826948
