AUC,Overall ACC,Overall AUC
0.9797241072,0.92593,0.9797637377999999
