AUC,Overall ACC,Overall AUC
0.8918428088,0.83168,0.9002068934
