AUC,Overall ACC,Overall AUC
0.885094725,0.8264,0.8950532459999999
