AUC,Overall ACC,Overall AUC
0.8928169015999999,0.83244,0.904778406
