AUC,Overall ACC,Overall AUC
0.8780591209999998,0.82212,0.8893952884
