AUC,Overall ACC,Overall AUC
0.8939093690000002,0.83134,0.9018902681999998
