AUC,Overall ACC,Overall AUC
0.89540183,0.82767,0.9003802028
