AUC,Overall ACC,Overall AUC
0.8774897853999999,0.89735,0.88267582432
