AUC,Overall ACC,Overall AUC
0.8745059094,0.79498,0.8745059094
