AUC,Overall ACC,Overall AUC
0.8604060814000001,0.89206,0.87031560196
