AUC,Overall ACC,Overall AUC
0.9020355229999999,0.83308,0.9059886354
