AUC,Overall ACC,Overall AUC
0.8956169032000002,0.83575,0.9048230688
