AUC,Overall ACC,Overall AUC
0.9817086309999999,0.93022,0.9816514936
