AUC,Overall ACC,Overall AUC
0.8873388358000001,0.8991433333333333,0.89104263652
