AUC,Overall ACC,Overall AUC
0.8942883239999999,0.82841,0.8996182716
