AUC,Overall ACC,Overall AUC
0.9762399808,0.918945,0.9762399802
