AUC,Overall ACC,Overall AUC
0.8669490088,0.8941666666666667,0.87485182772
