AUC,Overall ACC,Overall AUC
0.8651208416,0.89365,0.873467094
