AUC,Overall ACC,Overall AUC
0.891872891,0.83063,0.9006084682
