AUC,Overall ACC,Overall AUC
0.882609389,0.82563,0.8922820548
