Label,Event type,Event Fraction,3h,2h,1h,0h,Higgs
3h,Nj=6,0.20972722593926918,0.40797546012269936,0.0,0.403680981595092,0.18834355828220858,0.5425357873210634
3h,Nj=7,0.3383942357179619,0.17376425855513308,0.09771863117870723,0.3885931558935361,0.33992395437262357,0.3684410646387833
3h,Nj>=8,0.4518785383427689,0.0800113895216401,0.10279043280182232,0.3712984054669704,0.4458997722095672,0.27230447987851175
3h,Total,1.0,0.18051981471950593,0.07951621204323212,0.38394235717961916,0.3560216160576428,0.36151140847486707
