Label,Event type,Event Fraction,3h,2h,1h,0h,Higgs
3h,Nj=6,0.20972722593926918,0.4404907975460123,0.0,0.3693251533742331,0.1901840490797546,0.56359918200409
3h,Nj=7,0.3383942357179619,0.1897338403041825,0.10342205323193916,0.4049429657794677,0.30190114068441065,0.39366286438529785
3h,Nj>=8,0.4518785383427689,0.08143507972665148,0.11645785876993166,0.3826879271070615,0.41941913439635536,0.28663629460895973
3h,Total,1.0,0.1933865156973752,0.08762223365928976,0.38741636644364386,0.3315748841996912,0.38094012695144963
