AUC,Overall ACC,Overall AUC
0.9816475768,0.92593,0.9797637377999999
