AUC,Overall ACC,Overall AUC
0.9124227730000001,0.8264,0.8950532459999999
