AUC,Overall ACC,Overall AUC
0.9206415456000001,0.83575,0.9048230688
