AUC,Overall ACC,Overall AUC
0.915721404,0.83168,0.9002068934
