AUC,Overall ACC,Overall AUC
0.907763289,0.82767,0.9003802028
