AUC,Overall ACC,Overall AUC
0.8891422696,0.89735,0.88267582432
