AUC,Overall ACC,Overall AUC
0.912690601,0.8264,0.8927826948
