AUC,Overall ACC,Overall AUC
0.8937623364,0.8957566666666666,0.8823152761999999
