AUC,Overall ACC,Overall AUC
0.8930349252,0.8964866666666667,0.88399621744
