AUC,Overall ACC,Overall AUC
0.909909486,0.82563,0.8922820548
