AUC,Overall ACC,Overall AUC
0.8938756368,0.796175,0.8761472988000001
