AUC,Overall ACC,Overall AUC
0.911720518,0.82212,0.8893952884
