AUC,Overall ACC,Overall AUC
0.908956376,0.82841,0.8996182716
