AUC,Overall ACC,Overall AUC
0.8855240155999999,0.8927433333333333,0.8724410496400001
