AUC,Overall ACC,Overall AUC
0.8871026371999999,0.89365,0.873467094
