AUC,Overall ACC,Overall AUC
0.8931637718000001,0.79498,0.8745059094
