AUC,Overall ACC,Overall AUC
0.9818996790000001,0.93022,0.9816514936
