AUC,Overall ACC,Overall AUC
0.91378662,0.83134,0.9018902681999998
