AUC,Overall ACC,Overall AUC
0.8888409068,0.89206,0.87031560196
