AUC,Overall ACC,Overall AUC
0.9779406488,0.918945,0.9762399802
