AUC,Overall ACC,Overall AUC
0.8961551821999999,0.8991433333333333,0.89104263652
