AUC,Overall ACC,Overall AUC
0.9108522984,0.83244,0.904778406
