AUC,Overall ACC,Overall AUC
0.915408316,0.83063,0.9006084682
