AUC,Overall ACC,Overall AUC
0.8997692965999999,0.804575,0.8859929059999999
