AUC,Overall ACC,Overall AUC
0.926197815,0.873615,0.9494480907499999
