AUC,Overall ACC,Overall AUC
0.8928447840000001,0.82445,0.8953579722
