AUC,Overall ACC,Overall AUC
0.8496459858000001,0.79186,0.868177913
