AUC,Overall ACC,Overall AUC
0.9681793296000001,0.90458,0.9681104118000001
