AUC,Overall ACC,Overall AUC
0.8950736864,0.82657,0.897066608
