AUC,Overall ACC,Overall AUC
0.8531739744000001,0.791745,0.8677800556499999
