AUC,Overall ACC,Overall AUC
0.8899969896000001,0.82162,0.8940384256
