Label,Event type,Event Fraction,3h,2h,1h,0h,Higgs
3h,Nj=6,0.20155617802676626,0.44966028412600373,0.0,0.3625694873378629,0.18777022853613343,0.5705167799052914
3h,Nj=7,0.3134765017117958,0.24166004765687052,0.08399523431294678,0.3872120730738681,0.2871326449563145,0.4267275615567911
3h,Nj>=8,0.4849673202614379,0.12501604415351045,0.1021691695546143,0.39417276344500063,0.3786420228468746,0.3245197450049202
3h,Total,1.0,0.22701525054466232,0.07587924058512294,0.38562091503267976,0.311484593837535,0.4061417159456375
