Label,Event type,Event Fraction,3h,2h,1h,0h,Higgs
3h,Nj=6,0.16883686905632772,0.5216637781629117,0.0,0.36048526863084923,0.11785095320623917,0.6418255343731947
3h,Nj=7,0.3040234089246525,0.4287776708373436,0.024542829643888354,0.37584215591915304,0.17083734359961503,0.5704202759063202
3h,Nj>=8,0.5271397220190197,0.3186233694143769,0.07188454066056064,0.3791285040244241,0.23036358590063835,0.4929225645295587
3h,Total,1.0,0.38639356254572055,0.04535479151426482,0.3749817117776152,0.1932699341623994,0.5416239941477689
