Label,Event type,Event Fraction,3h,2h,1h,0h,Higgs
3h,Nj=6,0.20155617802676626,0.3638048177887585,0.0,0.40179122915379867,0.23440395305744285,0.49773522750669136
3h,Nj=7,0.3134765017117958,0.1983717235901509,0.0726767275615568,0.3953534551231136,0.33359809372517873,0.3786073603388933
3h,Nj>=8,0.4849673202614379,0.1021691695546143,0.08676678218457194,0.3850596842510589,0.42600436400975483,0.2883669190946819
3h,Total,1.0,0.1850606909430439,0.0648615001556178,0.39165888577653285,0.3584189231248055,0.3588546529723
