Label,Event type,Event Fraction,3h,2h,1h,0h,Higgs
3h,Nj=6,0.19218651543793322,0.46557377049180326,0.0,0.35704918032786886,0.17737704918032787,0.5845901639344262
3h,Nj=7,0.3243226212980466,0.24383135807266368,0.08198950845152517,0.40256460073829414,0.271614532737517,0.43267923061977853
3h,Nj>=8,0.4834908632640202,0.13019679395282158,0.1067379121595204,0.3806855206568487,0.38237977323080935,0.32825057561145143
3h,Total,1.0,0.2315059861373661,0.07819785759294266,0.3832388153749212,0.30705734089477,0.4113841629909683
