Label,Event type,Event Fraction,3h,2h,1h,0h,Higgs
3h,Nj=6,0.19218651543793322,0.3714754098360656,0.0,0.4337704918032787,0.19475409836065574,0.5160655737704918
3h,Nj=7,0.3243226212980466,0.2683116378472897,0.05032057509228677,0.42840489605595494,0.2529628910044686,0.44466031992746585
3h,Nj>=8,0.4834908632640202,0.17542030496546332,0.08327903036621921,0.42525739606412094,0.3160432686041965,0.3726921238976498
3h,Total,1.0,0.2432262129804663,0.05658475110270952,0.4279143037177064,0.27227473219911785,0.4235874816215081
