Label,Event type,Event Fraction,3h,2h,1h,0h,Higgs
3h,Nj=6,0.16883686905632772,0.3630849220103986,0.0,0.4237435008665511,0.21317157712305027,0.5043327556325823
3h,Nj=7,0.3040234089246525,0.2892204042348412,0.01973051010587103,0.3965351299326275,0.2945139557266602,0.4345524542829644
3h,Nj>=8,0.5271397220190197,0.2028864834859839,0.04718290313627533,0.4002220371912295,0.34970857618651124,0.36774909797391064
3h,Total,1.0,0.2561814191660571,0.03087051938551573,0.40307242136064375,0.30987564008778345,0.4111192392099488
