Label,Event type,Event Fraction,3h,2h,1h,0h,Higgs
3h,Nj=6,0.20155617802676626,0.5101914762198888,0.0,0.3554663372452131,0.13434218653489807,0.6286802553016265
3h,Nj=7,0.3134765017117958,0.39237490071485304,0.05182684670373312,0.37013502779984114,0.18566322478157268,0.5503044744506221
3h,Nj>=8,0.4849673202614379,0.28622769862662045,0.09382620972917469,0.37504813246053137,0.24489795918367346,0.47379454926624737
3h,Total,1.0,0.36464363523187054,0.06174914410208528,0.36956115779645193,0.2040460628695923,0.5289967838987447
