Label,Event type,Event Fraction,3h,2h,1h,0h,Higgs
3h,Nj=6,0.16883686905632772,0.4445407279029463,0.0,0.38128249566724437,0.17417677642980936,0.5716348931253611
3h,Nj=7,0.3040234089246525,0.3666987487969201,0.02550529355149182,0.37776708373435997,0.2300288739172281,0.5096246390760346
3h,Nj>=8,0.5271397220190197,0.25228975853455454,0.05661948376353039,0.3807937829586456,0.3102969747432695,0.41696734202978997
3h,Total,1.0,0.31953182150694953,0.037600585223116316,0.3799561082662765,0.26291148500365763,0.4712509144111192
