Label,Event type,Event Fraction,3h,2h,1h,0h,Higgs
3h,Nj=6,0.19218651543793322,0.39737704918032785,0.0,0.3865573770491803,0.2160655737704918,0.5262295081967213
3h,Nj=7,0.3243226212980466,0.19545366232756947,0.06974936856421217,0.4021760248688556,0.3326209442393627,0.37601191632666275
3h,Nj>=8,0.4834908632640202,0.10869281897562882,0.09005604066206177,0.37521178157174506,0.4260393587905643,0.2938007732742517
3h,Total,1.0,0.19231253938248266,0.0661625708884688,0.3861373660995589,0.3553875236294896,0.36513337534131485
